stl,mtl,mtl2
0.775,0.521875,0.8103125
